-- phpMyAdmin SQL Dump
-- version 4.9.5
-- https://www.phpmyadmin.net/
--
-- Host: localhost:3306
-- Waktu pembuatan: 28 Jun 2021 pada 14.46
-- Versi server: 10.3.29-MariaDB-cll-lve
-- Versi PHP: 7.3.28

SET SQL_MODE = "NO_AUTO_VALUE_ON_ZERO";
SET AUTOCOMMIT = 0;
START TRANSACTION;
SET time_zone = "+00:00";


/*!40101 SET @OLD_CHARACTER_SET_CLIENT=@@CHARACTER_SET_CLIENT */;
/*!40101 SET @OLD_CHARACTER_SET_RESULTS=@@CHARACTER_SET_RESULTS */;
/*!40101 SET @OLD_COLLATION_CONNECTION=@@COLLATION_CONNECTION */;
/*!40101 SET NAMES utf8mb4 */;

--
-- Database: `u5452924_nyayur`
--

-- --------------------------------------------------------

--
-- Struktur dari tabel `ci_sessions`
--

CREATE TABLE `ci_sessions` (
  `id` varchar(128) NOT NULL,
  `ip_address` varchar(45) NOT NULL,
  `timestamp` int(10) UNSIGNED NOT NULL DEFAULT 0,
  `data` blob NOT NULL
) ENGINE=InnoDB DEFAULT CHARSET=utf8mb4;

--
-- Dumping data untuk tabel `ci_sessions`
--

INSERT INTO `ci_sessions` (`id`, `ip_address`, `timestamp`, `data`) VALUES
('kiiahfbnlavmsokh2fqnt7kbnbc5r0e9', '127.0.0.1', 1624529672, 0x5f5f63695f6c6173745f726567656e65726174657c693a313632343532393637323b7265646972656374696f6e7c4e3b5f5f4143544956455f53455353494f4e5f444154417c733a3235363a2238663763633030656333363136613031333139323032663838343630323564343731626235383036613766333333313733306533623763323931316235333339323932616663386530633832396337353232376430636431356237396461356663343264303237356161316634626639333531383438626162356666336266374267586a486d6f6d39395a6a66662b564f6479416e7674756a2b4178454b68526d39586d5964756f6c4b724d5550756861674f306c5a4d4d304c76486a3456677737744956745a5278544e586a30414f5a502f37344f7332554958415256434e797374796d4531564c4c50527471465448595a6854546d714d596e436e6d2b69223b),
('kgjq40n7efm9un1dsjjstcc4rdplqr4g', '127.0.0.1', 1624530110, 0x5f5f63695f6c6173745f726567656e65726174657c693a313632343533303131303b7265646972656374696f6e7c4e3b5f5f4143544956455f53455353494f4e5f444154417c733a3235363a2238663763633030656333363136613031333139323032663838343630323564343731626235383036613766333333313733306533623763323931316235333339323932616663386530633832396337353232376430636431356237396461356663343264303237356161316634626639333531383438626162356666336266374267586a486d6f6d39395a6a66662b564f6479416e7674756a2b4178454b68526d39586d5964756f6c4b724d5550756861674f306c5a4d4d304c76486a3456677737744956745a5278544e586a30414f5a502f37344f7332554958415256434e797374796d4531564c4c50527471465448595a6854546d714d596e436e6d2b69223b),
('gukf87mlvf45e84qa36vtemn0sjjdu5a', '127.0.0.1', 1624530473, 0x5f5f63695f6c6173745f726567656e65726174657c693a313632343533303437333b7265646972656374696f6e7c4e3b5f5f4143544956455f53455353494f4e5f444154417c733a3235363a2238663763633030656333363136613031333139323032663838343630323564343731626235383036613766333333313733306533623763323931316235333339323932616663386530633832396337353232376430636431356237396461356663343264303237356161316634626639333531383438626162356666336266374267586a486d6f6d39395a6a66662b564f6479416e7674756a2b4178454b68526d39586d5964756f6c4b724d5550756861674f306c5a4d4d304c76486a3456677737744956745a5278544e586a30414f5a502f37344f7332554958415256434e797374796d4531564c4c50527471465448595a6854546d714d596e436e6d2b69223b),
('nf06lq9t35g0a2530epipi8hevgcl74j', '127.0.0.1', 1624530878, 0x5f5f63695f6c6173745f726567656e65726174657c693a313632343533303837383b7265646972656374696f6e7c4e3b5f5f4143544956455f53455353494f4e5f444154417c733a3235363a2238663763633030656333363136613031333139323032663838343630323564343731626235383036613766333333313733306533623763323931316235333339323932616663386530633832396337353232376430636431356237396461356663343264303237356161316634626639333531383438626162356666336266374267586a486d6f6d39395a6a66662b564f6479416e7674756a2b4178454b68526d39586d5964756f6c4b724d5550756861674f306c5a4d4d304c76486a3456677737744956745a5278544e586a30414f5a502f37344f7332554958415256434e797374796d4531564c4c50527471465448595a6854546d714d596e436e6d2b69223b),
('l9d279697skk7tnmls8kh2nhkpfpgaqm', '127.0.0.1', 1624531183, 0x5f5f63695f6c6173745f726567656e65726174657c693a313632343533313138333b7265646972656374696f6e7c4e3b5f5f4143544956455f53455353494f4e5f444154417c733a3235363a2238663763633030656333363136613031333139323032663838343630323564343731626235383036613766333333313733306533623763323931316235333339323932616663386530633832396337353232376430636431356237396461356663343264303237356161316634626639333531383438626162356666336266374267586a486d6f6d39395a6a66662b564f6479416e7674756a2b4178454b68526d39586d5964756f6c4b724d5550756861674f306c5a4d4d304c76486a3456677737744956745a5278544e586a30414f5a502f37344f7332554958415256434e797374796d4531564c4c50527471465448595a6854546d714d596e436e6d2b69223b),
('bk05lnct4urofgbifqpbgqcrutk56r0q', '127.0.0.1', 1624531500, 0x5f5f63695f6c6173745f726567656e65726174657c693a313632343533313530303b7265646972656374696f6e7c4e3b6c6f67696e5f666c6173687c733a31363a22426572686173696c206c6f676f757421223b5f5f63695f766172737c613a313a7b733a31313a226c6f67696e5f666c617368223b733a333a226f6c64223b7d),
('f8ppb4o8vr9mmc0f6o3u4h23d4dubmep', '127.0.0.1', 1624531814, 0x5f5f63695f6c6173745f726567656e65726174657c693a313632343533313831343b7265646972656374696f6e7c4e3b6c6f67696e5f666c6173687c733a31363a22426572686173696c206c6f676f757421223b5f5f63695f766172737c613a313a7b733a31313a226c6f67696e5f666c617368223b733a333a226f6c64223b7d5f5f4143544956455f53455353494f4e5f444154417c733a3235363a2234346431313036396337393563616465356234656331643238396162633738633133643163386430663235373231366639323031323732643236316434663639316263633765613730643931303866303162383532333436633863353131646337373030626138636432313634373263633031393239326564386133636662614f6f53574844475048383076356a4b4d785751414b435a4e7a4f6e57575149786e374e754b45445555344a47793436374b4b6e694a5767707444664773634a6f42322f494665666c7461764351686e594665627772676a6e44686d462b46694d3373706a6d333065706745794e6d79377647394f314a764c6a366d3831394850223b),
('e21r26sbcee4bthfjvf3ea2vbfv3mbb2', '127.0.0.1', 1624532119, 0x5f5f63695f6c6173745f726567656e65726174657c693a313632343533323131393b7265646972656374696f6e7c4e3b6c6f67696e5f666c6173687c733a31363a22426572686173696c206c6f676f757421223b5f5f63695f766172737c613a323a7b733a31313a226c6f67696e5f666c617368223b733a333a226f6c64223b733a31313a226f726465725f666c617368223b733a333a226f6c64223b7d6f726465725f666c6173687c733a32363a2253746174757320626572686173696c2064697065726261727569223b),
('k0k42q7m62vtao03t15q1f7u10q94lrr', '127.0.0.1', 1624532476, 0x5f5f63695f6c6173745f726567656e65726174657c693a313632343533323437363b7265646972656374696f6e7c4e3b6c6f67696e5f666c6173687c733a31363a22426572686173696c206c6f676f757421223b5f5f63695f766172737c613a323a7b733a31313a226c6f67696e5f666c617368223b733a333a226f6c64223b733a31313a226f726465725f666c617368223b733a333a226f6c64223b7d6f726465725f666c6173687c733a32363a224f7264657220626572686173696c20646974616d6261686b616e223b),
('ao4rsa3g5c523q6gt935p8tebqcv5cr5', '127.0.0.1', 1624533429, 0x5f5f63695f6c6173745f726567656e65726174657c693a313632343533333432393b7265646972656374696f6e7c4e3b6c6f67696e5f666c6173687c733a31363a22426572686173696c206c6f676f757421223b5f5f63695f766172737c613a323a7b733a31313a226c6f67696e5f666c617368223b733a333a226f6c64223b733a31313a226f726465725f666c617368223b733a333a226f6c64223b7d6f726465725f666c6173687c733a32363a224f7264657220626572686173696c20646974616d6261686b616e223b),
('ki2vquvl6de33g4vkd2e00kuespuhc1i', '127.0.0.1', 1624533736, 0x5f5f63695f6c6173745f726567656e65726174657c693a313632343533333733363b7265646972656374696f6e7c4e3b6c6f67696e5f666c6173687c733a31363a22426572686173696c206c6f676f757421223b5f5f63695f766172737c613a323a7b733a31313a226c6f67696e5f666c617368223b733a333a226f6c64223b733a31313a226f726465725f666c617368223b733a333a226f6c64223b7d6f726465725f666c6173687c733a32363a224f7264657220626572686173696c20646974616d6261686b616e223b5f5f4143544956455f53455353494f4e5f444154417c733a3235363a22343831343861373333393335653730656436616566373862313332633162356365653536323730663965386665656339313437396632623931613964373034666136303462636137393133363632653763316332663035313739356436633431323237653838373936343936643162363535356230306265656365366563613242537874304e4b5073674733452b5041674f517237775957514646485550644e6e6b635539317631334c684e513741624f73466544737030765a79494f68636e7a672b526535315151596b2b4568485769446a48567a456874454e64596f726b5166446f304576446f6a4d352b3361566d796367326943534366355946394339223b),
('qad5h3516bksbdt4abgkka4j7gnv3rdu', '127.0.0.1', 1624534185, 0x5f5f63695f6c6173745f726567656e65726174657c693a313632343533343138353b7265646972656374696f6e7c4e3b6c6f67696e5f666c6173687c733a31363a22426572686173696c206c6f676f757421223b5f5f63695f766172737c613a323a7b733a31313a226c6f67696e5f666c617368223b733a333a226f6c64223b733a31313a226f726465725f666c617368223b733a333a226f6c64223b7d6f726465725f666c6173687c733a32363a224f7264657220626572686173696c20646974616d6261686b616e223b5f5f4143544956455f53455353494f4e5f444154417c733a3235363a22386336373030313437336431613931633762323961373163666161343731396565363831353332623338373933633437343436316130353063633436623662643066636630633365323061326438623630633239393561366335333834623234363930333935663932343435386536313138646234623431383233313461346353556c446161776a34735466746b343336464d6b6b51795972734d47746368432b4f3431787457374d365837746274495a413853412b2f786b6f3376316345474a3139512f4b536c426f573949775671576850494454395a6344612b7a446969756169544f69706b2b5658387865503745414d354350486a4d4b313250384f46223b),
('e6sfkqgblgqh6m0p04mbvj8j8a7f1h9p', '127.0.0.1', 1624534519, 0x5f5f63695f6c6173745f726567656e65726174657c693a313632343533343531393b6c6f67696e5f666c6173687c733a31363a22426572686173696c206c6f676f757421223b5f5f63695f766172737c613a323a7b733a31313a226c6f67696e5f666c617368223b733a333a226f6c64223b733a31313a226f726465725f666c617368223b733a333a226f6c64223b7d6f726465725f666c6173687c733a32363a224f7264657220626572686173696c20646974616d6261686b616e223b5f5f4143544956455f53455353494f4e5f444154417c733a3235363a2231356261383131356337613765383566646632353966343661373139323237653537666434626139303832616438313531663436316434376534326230656138373030366338366630323865323631396662363762623033363531366332613234313032313832336338303363316332303638306432633131376631353231392f743450736b6a356846516233705432593972616a33416e4c7a614d4253636a4e36514b326a346c744451413745464867584f71356b56457a6530433847506f4b75797834377735517467427652614b4931596450574963677371765371734f716166526d5474664463494b634b7548596b5051695653563546366a53594f47223b),
('dpi7tmg5fkol6qfdd59ceqlb462af68f', '127.0.0.1', 1624534940, 0x5f5f63695f6c6173745f726567656e65726174657c693a313632343533343934303b6c6f67696e5f666c6173687c733a31363a22426572686173696c206c6f676f757421223b5f5f63695f766172737c613a323a7b733a31313a226c6f67696e5f666c617368223b733a333a226f6c64223b733a31313a226f726465725f666c617368223b733a333a226f6c64223b7d6f726465725f666c6173687c733a32363a224f7264657220626572686173696c20646974616d6261686b616e223b5f5f4143544956455f53455353494f4e5f444154417c733a3235363a2231356261383131356337613765383566646632353966343661373139323237653537666434626139303832616438313531663436316434376534326230656138373030366338366630323865323631396662363762623033363531366332613234313032313832336338303363316332303638306432633131376631353231392f743450736b6a356846516233705432593972616a33416e4c7a614d4253636a4e36514b326a346c744451413745464867584f71356b56457a6530433847506f4b75797834377735517467427652614b4931596450574963677371765371734f716166526d5474664463494b634b7548596b5051695653563546366a53594f47223b),
('qgci8cg860s1h181r6qkadqu1v46ln4g', '127.0.0.1', 1624536015, 0x5f5f63695f6c6173745f726567656e65726174657c693a313632343533363031353b6c6f67696e5f666c6173687c733a31363a22426572686173696c206c6f676f757421223b5f5f63695f766172737c613a333a7b733a31313a226c6f67696e5f666c617368223b733a333a226f6c64223b733a31313a226f726465725f666c617368223b733a333a226f6c64223b733a31333a227061796d656e745f666c617368223b733a333a226f6c64223b7d6f726465725f666c6173687c733a32363a224f7264657220626572686173696c20646974616d6261686b616e223b5f5f4143544956455f53455353494f4e5f444154417c733a3235363a2231356261383131356337613765383566646632353966343661373139323237653537666434626139303832616438313531663436316434376534326230656138373030366338366630323865323631396662363762623033363531366332613234313032313832336338303363316332303638306432633131376631353231392f743450736b6a356846516233705432593972616a33416e4c7a614d4253636a4e36514b326a346c744451413745464867584f71356b56457a6530433847506f4b75797834377735517467427652614b4931596450574963677371765371734f716166526d5474664463494b634b7548596b5051695653563546366a53594f47223b7061796d656e745f666c6173687c733a37393a224b6f6e6669726d61736920626572686173696c2064696c616b756b616e2e2041646d696e20616b616e206d656d7665726966696b6173696e79612064616c616d2077616b74752031783234206a616d223b),
('k0ffs2mbkisuccbdjpi0hpdea67hf0ra', '127.0.0.1', 1624536324, 0x5f5f63695f6c6173745f726567656e65726174657c693a313632343533363332343b6c6f67696e5f666c6173687c733a31363a22426572686173696c206c6f676f757421223b5f5f63695f766172737c613a333a7b733a31313a226c6f67696e5f666c617368223b733a333a226f6c64223b733a31313a226f726465725f666c617368223b733a333a226f6c64223b733a31333a227061796d656e745f666c617368223b733a333a226f6c64223b7d6f726465725f666c6173687c733a32363a224f7264657220626572686173696c20646974616d6261686b616e223b7061796d656e745f666c6173687c733a37393a224b6f6e6669726d61736920626572686173696c2064696c616b756b616e2e2041646d696e20616b616e206d656d7665726966696b6173696e79612064616c616d2077616b74752031783234206a616d223b7265646972656374696f6e7c4e3b5f5f4143544956455f53455353494f4e5f444154417c733a3235363a223863633263616436333430636534363531613931323965303663653233316532383832346330623632663663636139633137363134303934373033663832373563666136326165386531636564306163323732623739623738663666383164623465663465633765636664326238383435633262353763623661363532336632375672396e596741634d39585854702b494f5536387a4f4f52306668653234544b4a4d58476e312b4751472b6531333748347862386264334b5a4b2f2b416350614c38415969343451594c763738487178766d644e4c4f472b31586451487851627169567a6c37504238644568553664583438756739336e324b54556e457932223b),
('cr5vmojtstl42pco87kbmmpkt6dglv9j', '127.0.0.1', 1624536736, 0x5f5f63695f6c6173745f726567656e65726174657c693a313632343533363733363b6c6f67696e5f666c6173687c733a31363a22426572686173696c206c6f676f757421223b5f5f63695f766172737c613a333a7b733a31313a226c6f67696e5f666c617368223b733a333a226f6c64223b733a31313a226f726465725f666c617368223b733a333a226f6c64223b733a31333a227061796d656e745f666c617368223b733a333a226f6c64223b7d6f726465725f666c6173687c733a32363a224f7264657220626572686173696c20646974616d6261686b616e223b7061796d656e745f666c6173687c733a37393a224b6f6e6669726d61736920626572686173696c2064696c616b756b616e2e2041646d696e20616b616e206d656d7665726966696b6173696e79612064616c616d2077616b74752031783234206a616d223b7265646972656374696f6e7c4e3b5f5f4143544956455f53455353494f4e5f444154417c733a3235363a223863633263616436333430636534363531613931323965303663653233316532383832346330623632663663636139633137363134303934373033663832373563666136326165386531636564306163323732623739623738663666383164623465663465633765636664326238383435633262353763623661363532336632375672396e596741634d39585854702b494f5536387a4f4f52306668653234544b4a4d58476e312b4751472b6531333748347862386264334b5a4b2f2b416350614c38415969343451594c763738487178766d644e4c4f472b31586451487851627169567a6c37504238644568553664583438756739336e324b54556e457932223b),
('pv52c4fq384om3asa578lnbko82mn52p', '127.0.0.1', 1624537042, 0x5f5f63695f6c6173745f726567656e65726174657c693a313632343533373034323b6c6f67696e5f666c6173687c733a31363a22426572686173696c206c6f676f757421223b5f5f63695f766172737c613a333a7b733a31313a226c6f67696e5f666c617368223b733a333a226f6c64223b733a31313a226f726465725f666c617368223b733a333a226f6c64223b733a31333a227061796d656e745f666c617368223b733a333a226f6c64223b7d6f726465725f666c6173687c733a32363a224f7264657220626572686173696c20646974616d6261686b616e223b7061796d656e745f666c6173687c733a37393a224b6f6e6669726d61736920626572686173696c2064696c616b756b616e2e2041646d696e20616b616e206d656d7665726966696b6173696e79612064616c616d2077616b74752031783234206a616d223b7265646972656374696f6e7c4e3b5f5f4143544956455f53455353494f4e5f444154417c733a3235363a2236666132333237626139386265336634333530326339666334393364663630323938323366653063373232333938613632366338633934613836303739363934353637633365343230663863366332663737383438663162653366393331336336666132303163333731333066306465373337663336323363653362303863367746417564456a53655136767273427775716f7a2f6b2f5a303365352b4350316655707143613738576f6e51427571545a666f595a344264786e2f704c4747724a52612b7a486231793664636f48376b47337a3550655443526f4f626778753934366f4c546475594b47754d4c31576e5a792f76696c634b4a51754554714776223b),
('do6c1pg5cfe5udjp5uen680l8addsmk7', '127.0.0.1', 1624537345, 0x5f5f63695f6c6173745f726567656e65726174657c693a313632343533373334353b6c6f67696e5f666c6173687c733a31363a22426572686173696c206c6f676f757421223b5f5f63695f766172737c613a333a7b733a31313a226c6f67696e5f666c617368223b733a333a226f6c64223b733a31313a226f726465725f666c617368223b733a333a226f6c64223b733a31333a227061796d656e745f666c617368223b733a333a226f6c64223b7d6f726465725f666c6173687c733a32363a224f7264657220626572686173696c20646974616d6261686b616e223b7061796d656e745f666c6173687c733a33323a2250656d6261796172616e20626572686173696c2064696b6f6e6669726d617369223b7265646972656374696f6e7c4e3b5f5f4143544956455f53455353494f4e5f444154417c733a3235363a2262323437376364623332343438303339353431303933656437343439376361646430613730333661323131353437653230623131383962636432343233636666636332666164343366353237353836343563663231366535636236343839333265653465613862356432313733643335383361336437316334343231623164634c495170624d61482b4f4b504350533043516e3168626a35717150776b664b4b5a7063726863792b73616d61676d43684359496a4557305a644c4e46354339515434745648336e5a31433550575a2b3643747161476f2b4d4473636145584f476334475a2f397078452f5155754f3256547a394d6831785335794f62704f4344223b),
('30ts8lk8kj87cnigej2np87vtu028tr5', '127.0.0.1', 1624537652, 0x5f5f63695f6c6173745f726567656e65726174657c693a313632343533373635323b6c6f67696e5f666c6173687c733a31363a22426572686173696c206c6f676f757421223b5f5f63695f766172737c613a333a7b733a31313a226c6f67696e5f666c617368223b733a333a226f6c64223b733a31313a226f726465725f666c617368223b733a333a226f6c64223b733a31333a227061796d656e745f666c617368223b733a333a226f6c64223b7d6f726465725f666c6173687c733a32363a224f7264657220626572686173696c20646974616d6261686b616e223b7061796d656e745f666c6173687c733a33323a2250656d6261796172616e20626572686173696c2064696b6f6e6669726d617369223b7265646972656374696f6e7c4e3b5f5f4143544956455f53455353494f4e5f444154417c733a3235363a2262323437376364623332343438303339353431303933656437343439376361646430613730333661323131353437653230623131383962636432343233636666636332666164343366353237353836343563663231366535636236343839333265653465613862356432313733643335383361336437316334343231623164634c495170624d61482b4f4b504350533043516e3168626a35717150776b664b4b5a7063726863792b73616d61676d43684359496a4557305a644c4e46354339515434745648336e5a31433550575a2b3643747161476f2b4d4473636145584f476334475a2f397078452f5155754f3256547a394d6831785335794f62704f4344223b),
('jjde49p6fv3ds91s9gj83ramd8ujvkam', '127.0.0.1', 1624537953, 0x5f5f63695f6c6173745f726567656e65726174657c693a313632343533373935333b6c6f67696e5f666c6173687c733a31363a22426572686173696c206c6f676f757421223b5f5f63695f766172737c613a333a7b733a31313a226c6f67696e5f666c617368223b733a333a226f6c64223b733a31313a226f726465725f666c617368223b733a333a226f6c64223b733a31333a227061796d656e745f666c617368223b733a333a226f6c64223b7d6f726465725f666c6173687c733a32363a224f7264657220626572686173696c20646974616d6261686b616e223b7061796d656e745f666c6173687c733a33323a2250656d6261796172616e20626572686173696c2064696b6f6e6669726d617369223b7265646972656374696f6e7c4e3b5f5f4143544956455f53455353494f4e5f444154417c733a3235363a2262323437376364623332343438303339353431303933656437343439376361646430613730333661323131353437653230623131383962636432343233636666636332666164343366353237353836343563663231366535636236343839333265653465613862356432313733643335383361336437316334343231623164634c495170624d61482b4f4b504350533043516e3168626a35717150776b664b4b5a7063726863792b73616d61676d43684359496a4557305a644c4e46354339515434745648336e5a31433550575a2b3643747161476f2b4d4473636145584f476334475a2f397078452f5155754f3256547a394d6831785335794f62704f4344223b),
('9d32n94nnspjhcr893a80fc6fsg8n1nk', '127.0.0.1', 1624540716, 0x5f5f63695f6c6173745f726567656e65726174657c693a313632343534303731363b6c6f67696e5f666c6173687c733a31363a22426572686173696c206c6f676f757421223b5f5f63695f766172737c613a333a7b733a31313a226c6f67696e5f666c617368223b733a333a226f6c64223b733a31313a226f726465725f666c617368223b733a333a226f6c64223b733a31333a227061796d656e745f666c617368223b733a333a226f6c64223b7d6f726465725f666c6173687c733a32363a224f7264657220626572686173696c20646974616d6261686b616e223b7061796d656e745f666c6173687c733a33323a2250656d6261796172616e20626572686173696c2064696b6f6e6669726d617369223b7265646972656374696f6e7c4e3b5f5f4143544956455f53455353494f4e5f444154417c733a3235363a2239613166343864363031353230366166626366643865373635376133663131393561386438336238666464666239663131366265313632653763323039636361623130636561643937353862346436363438643039636133396337303366386161306334383932663231353961363130343661313166376338633962363161342b4664673556746549384a6b79645a426456515039414f4973416d33646f696f6f734b4e772f78464c2b594a49324552514a5a4d325a2b4d4157566f4c466b4644584648654179696335385a51754c706f657632647835703442776b59727263654b44657139705759596762746f55557151356b566734386378646c56566572223b),
('5mp3eb5de076nim72l8ppqo785sjlgt2', '127.0.0.1', 1624541019, 0x5f5f63695f6c6173745f726567656e65726174657c693a313632343534313031393b6c6f67696e5f666c6173687c733a31363a22426572686173696c206c6f676f757421223b5f5f63695f766172737c613a333a7b733a31313a226c6f67696e5f666c617368223b733a333a226f6c64223b733a31313a226f726465725f666c617368223b733a333a226f6c64223b733a31333a227061796d656e745f666c617368223b733a333a226f6c64223b7d6f726465725f666c6173687c733a32363a224f7264657220626572686173696c20646974616d6261686b616e223b7061796d656e745f666c6173687c733a33323a2250656d6261796172616e20626572686173696c2064696b6f6e6669726d617369223b7265646972656374696f6e7c4e3b5f5f4143544956455f53455353494f4e5f444154417c733a3235363a2239613166343864363031353230366166626366643865373635376133663131393561386438336238666464666239663131366265313632653763323039636361623130636561643937353862346436363438643039636133396337303366386161306334383932663231353961363130343661313166376338633962363161342b4664673556746549384a6b79645a426456515039414f4973416d33646f696f6f734b4e772f78464c2b594a49324552514a5a4d325a2b4d4157566f4c466b4644584648654179696335385a51754c706f657632647835703442776b59727263654b44657139705759596762746f55557151356b566734386378646c56566572223b),
('be1ebo1q75cmheehmllcpmvc4sa31ca5', '127.0.0.1', 1624541338, 0x5f5f63695f6c6173745f726567656e65726174657c693a313632343534313333383b6c6f67696e5f666c6173687c733a31363a22426572686173696c206c6f676f757421223b5f5f63695f766172737c613a333a7b733a31313a226c6f67696e5f666c617368223b733a333a226f6c64223b733a31313a226f726465725f666c617368223b733a333a226f6c64223b733a31333a227061796d656e745f666c617368223b733a333a226f6c64223b7d6f726465725f666c6173687c733a32363a224f7264657220626572686173696c20646974616d6261686b616e223b7061796d656e745f666c6173687c733a33323a2250656d6261796172616e20626572686173696c2064696b6f6e6669726d617369223b7265646972656374696f6e7c4e3b5f5f4143544956455f53455353494f4e5f444154417c733a3235363a2239613166343864363031353230366166626366643865373635376133663131393561386438336238666464666239663131366265313632653763323039636361623130636561643937353862346436363438643039636133396337303366386161306334383932663231353961363130343661313166376338633962363161342b4664673556746549384a6b79645a426456515039414f4973416d33646f696f6f734b4e772f78464c2b594a49324552514a5a4d325a2b4d4157566f4c466b4644584648654179696335385a51754c706f657632647835703442776b59727263654b44657139705759596762746f55557151356b566734386378646c56566572223b),
('3p69sh92m22cdehql8bvdv97qq8dlh1g', '127.0.0.1', 1624541520, 0x5f5f63695f6c6173745f726567656e65726174657c693a313632343534313333383b6c6f67696e5f666c6173687c733a31363a22426572686173696c206c6f676f757421223b5f5f63695f766172737c613a333a7b733a31313a226c6f67696e5f666c617368223b733a333a226f6c64223b733a31313a226f726465725f666c617368223b733a333a226f6c64223b733a31333a227061796d656e745f666c617368223b733a333a226f6c64223b7d6f726465725f666c6173687c733a32363a224f7264657220626572686173696c20646974616d6261686b616e223b7061796d656e745f666c6173687c733a33323a2250656d6261796172616e20626572686173696c2064696b6f6e6669726d617369223b7265646972656374696f6e7c4e3b5f5f4143544956455f53455353494f4e5f444154417c733a3235363a2239613166343864363031353230366166626366643865373635376133663131393561386438336238666464666239663131366265313632653763323039636361623130636561643937353862346436363438643039636133396337303366386161306334383932663231353961363130343661313166376338633962363161342b4664673556746549384a6b79645a426456515039414f4973416d33646f696f6f734b4e772f78464c2b594a49324552514a5a4d325a2b4d4157566f4c466b4644584648654179696335385a51754c706f657632647835703442776b59727263654b44657139705759596762746f55557151356b566734386378646c56566572223b),
('7b2b81d88cbe44b3a9b3b14443669678f365c528', '36.68.222.241', 1624542158, 0x5f5f63695f6c6173745f726567656e65726174657c693a313632343534323036353b7265646972656374696f6e7c4e3b5f5f4143544956455f53455353494f4e5f444154417c733a3235363a2238303632383262393238306436303365333066656163626662393334363533326463333434383964336130346638346465393533383335373164303430633631613837383566663764373133656430323363323437633939393137383562376435626563643832366132653861613761613363303964373939336533383466323671415a5866314d652b59464e7257622b565175457454782b32565a6b4a694b4c2f79746773566c627552534d3241434b7830596c6e33573755686c2f79434d6334346c694f2b4f5448337537777770356c596f764a3039446c6a387463435a674139372b334a62324d3570725355467a4d304d6b57674351466e4e61316270223b),
('de2fa87dc836c4718bf4dd54b50ccb3afdb88525', '103.94.190.20', 1624551895, 0x5f5f63695f6c6173745f726567656e65726174657c693a313632343535313839353b),
('7f91746c18258ba12c962378badeab144e939eee', '103.94.190.20', 1624553038, 0x5f5f63695f6c6173745f726567656e65726174657c693a313632343535333033383b7265646972656374696f6e7c733a38343a226148523063446f764c3352686447467359584a6863334e6c616d46306153356a623230766157356b5a586775634768774c324e3163335276625756794c3342686557316c626e527a4c324e76626d5a70636d303d223b),
('9c918f6ac1cab3261eefcea5f284f2c839216dd4', '103.94.190.20', 1624553350, 0x5f5f63695f6c6173745f726567656e65726174657c693a313632343535333335303b7265646972656374696f6e7c4e3b5f5f4143544956455f53455353494f4e5f444154417c733a3235363a22636163373436373363306363653333626435616366383333633732393566343565633234366166383231613962643431616165626561623031336338303465356262376436663930346430386337653866616566386230613937383938636438353538633638656164643061373334363138316162626130633163363737313054344758336a704b6e5a744146515462566d596138454d50434b737566653674495a362f704d376d7658412f5a6b5176724543364d475836504b5653796930717161466a525947672f59704a46572f667a582f3336424f77704e70567537682b4b6f6a423055693065664e394a4435552f774b784a4b2b673859626673376933223b),
('721a218541dd49bad26dd12c9de6e36000ef5845', '103.94.190.20', 1624555540, 0x5f5f63695f6c6173745f726567656e65726174657c693a313632343535353534303b7265646972656374696f6e7c4e3b5f5f4143544956455f53455353494f4e5f444154417c733a3235363a22636163373436373363306363653333626435616366383333633732393566343565633234366166383231613962643431616165626561623031336338303465356262376436663930346430386337653866616566386230613937383938636438353538633638656164643061373334363138316162626130633163363737313054344758336a704b6e5a744146515462566d596138454d50434b737566653674495a362f704d376d7658412f5a6b5176724543364d475836504b5653796930717161466a525947672f59704a46572f667a582f3336424f77704e70567537682b4b6f6a423055693065664e394a4435552f774b784a4b2b673859626673376933223b),
('77bb7fc35683b5a93257e2f1fb196550962a49b4', '103.94.190.20', 1624555670, 0x5f5f63695f6c6173745f726567656e65726174657c693a313632343535353534303b7265646972656374696f6e7c4e3b5f5f4143544956455f53455353494f4e5f444154417c733a3235363a22636163373436373363306363653333626435616366383333633732393566343565633234366166383231613962643431616165626561623031336338303465356262376436663930346430386337653866616566386230613937383938636438353538633638656164643061373334363138316162626130633163363737313054344758336a704b6e5a744146515462566d596138454d50434b737566653674495a362f704d376d7658412f5a6b5176724543364d475836504b5653796930717161466a525947672f59704a46572f667a582f3336424f77704e70567537682b4b6f6a423055693065664e394a4435552f774b784a4b2b673859626673376933223b),
('bd4f6f91b112b97b636707d1c2297f7de7ae6ea0', '34.209.44.228', 1624566557, 0x5f5f63695f6c6173745f726567656e65726174657c693a313632343536363535373b),
('9e99ac0292bb9a6c965513c598e9172ccb3952f2', '67.227.77.171', 1624571470, 0x5f5f63695f6c6173745f726567656e65726174657c693a313632343537313437303b),
('c7b3e74fbbb893af89074657b97e4b866a175a94', '107.173.248.245', 1624586859, 0x5f5f63695f6c6173745f726567656e65726174657c693a313632343538363835393b),
('5faef7b7511c1b0c76cb3ce5f2452ab4b4f37257', '34.86.35.3', 1624594590, 0x5f5f63695f6c6173745f726567656e65726174657c693a313632343539343539303b),
('967f9e412403cd9f2e635fc8cc4ebf89519be6c5', '34.77.162.15', 1624620424, 0x5f5f63695f6c6173745f726567656e65726174657c693a313632343632303432343b),
('99425c9ef035108d8f10b0239c75f5073b9179ac', '54.149.159.100', 1624624574, 0x5f5f63695f6c6173745f726567656e65726174657c693a313632343632343537343b),
('1863a2147a8873b91ae7ca16120556a44ff7b16e', '54.245.30.220', 1624624593, 0x5f5f63695f6c6173745f726567656e65726174657c693a313632343632343539333b),
('e32e3a9cc3593d39fdadf3310ce16d370e31aefa', '54.185.167.34', 1624625628, 0x5f5f63695f6c6173745f726567656e65726174657c693a313632343632353632383b),
('3477ce7ff59d8012492f8d681c4e2b4d4966e980', '52.33.199.59', 1624625675, 0x5f5f63695f6c6173745f726567656e65726174657c693a313632343632353637353b),
('50fd2ac7d5a922fff835b14fb49b1f2a8118e241', '34.210.121.30', 1624625726, 0x5f5f63695f6c6173745f726567656e65726174657c693a313632343632353732363b),
('06fcf08f8e4da0d147c3447172f16d4c5a908660', '36.68.223.39', 1624632764, 0x5f5f63695f6c6173745f726567656e65726174657c693a313632343633323736323b),
('45eb9d13b709155812371880836450c3c94e36c0', '54.212.15.46', 1624652414, 0x5f5f63695f6c6173745f726567656e65726174657c693a313632343635323431343b),
('5ef827cda6bf56fa738de764f01c127fa1cf48f8', '34.208.90.43', 1624662790, 0x5f5f63695f6c6173745f726567656e65726174657c693a313632343636323739303b),
('1575c5c481b5d2c228760e412fcf83745140d03e', '92.118.160.1', 1624664758, 0x5f5f63695f6c6173745f726567656e65726174657c693a313632343636343735383b),
('0a4247fa3d8299f07ed02d59d5bcc82f57639253', '34.86.35.24', 1624669232, 0x5f5f63695f6c6173745f726567656e65726174657c693a313632343636393233323b),
('7faca4c1c568e9266536fcd74b13734a87070e47', '34.86.35.32', 1624706925, 0x5f5f63695f6c6173745f726567656e65726174657c693a313632343730363932353b),
('4cdf2256650ab43cf9ef66fbfeacb2f7ef377d5c', '52.43.29.89', 1624709099, 0x5f5f63695f6c6173745f726567656e65726174657c693a313632343730393039393b),
('d06bc875871c96d327b6ed62abff31a7f0b7a0c5', '34.222.79.93', 1624709113, 0x5f5f63695f6c6173745f726567656e65726174657c693a313632343730393131333b),
('a8b6d8023a53d7c7cad30dd40e5e48d4f89690d6', '34.220.66.44', 1624709173, 0x5f5f63695f6c6173745f726567656e65726174657c693a313632343730393137333b),
('07f2f7bdaa12d063f2541f3b07ce1d18f96736e8', '54.187.172.147', 1624709186, 0x5f5f63695f6c6173745f726567656e65726174657c693a313632343730393138363b),
('6d9f5dcce49eefc2a8f80037c1264a14f6867e84', '52.12.155.4', 1624709191, 0x5f5f63695f6c6173745f726567656e65726174657c693a313632343730393139313b),
('fa5ce8b67537caa0e8b3ed13c2d4cc1526dd9188', '18.237.65.193', 1624709213, 0x5f5f63695f6c6173745f726567656e65726174657c693a313632343730393231333b),
('bf699f9dba7e938230acbc1009bf711d03fab87b', '54.212.55.30', 1624709464, 0x5f5f63695f6c6173745f726567656e65726174657c693a313632343730393436343b),
('b567910c8df8144ad04c78e6ea2bbc077742cae8', '54.189.61.222', 1624710289, 0x5f5f63695f6c6173745f726567656e65726174657c693a313632343731303238393b),
('aba37ea400e11d2321666bf312a5c58ac07f24e4', '52.38.44.182', 1624711145, 0x5f5f63695f6c6173745f726567656e65726174657c693a313632343731313134353b),
('f42e002c6731b5cbb17ff184a26d0dece6963d4e', '114.125.120.156', 1624718271, 0x5f5f63695f6c6173745f726567656e65726174657c693a313632343731383237313b),
('bff66cbd12c89993ebe9c76f79fc853c8327c376', '120.188.79.127', 1624717871, 0x5f5f63695f6c6173745f726567656e65726174657c693a313632343731373837313b),
('cdac75d337176a3259730cb2fe3bfb70753fbe27', '120.188.79.127', 1624718234, 0x5f5f63695f6c6173745f726567656e65726174657c693a313632343731383233313b),
('e26901dd96a8ff23c57c29dad81a40b0c0740635', '120.188.79.127', 1624718231, 0x5f5f63695f6c6173745f726567656e65726174657c693a313632343731383233313b),
('878c66c8cf37664fbeb5c53eafb2464e5e7fea22', '114.125.120.224', 1624719744, 0x5f5f63695f6c6173745f726567656e65726174657c693a313632343731393734343b7265646972656374696f6e7c4e3b),
('947da8410129a9e62897448e0765d11ff7bf5a10', '120.188.79.127', 1624718295, 0x5f5f63695f6c6173745f726567656e65726174657c693a313632343731383239353b),
('995c439df40f83a545a4acee55647922e4af575a', '120.188.79.127', 1624718862, 0x5f5f63695f6c6173745f726567656e65726174657c693a313632343731383736303b7265646972656374696f6e7c4e3b5f5f4143544956455f53455353494f4e5f444154417c733a3235363a2265346437666637396530383236366536623531653666373137363366613863353062383836643934366531316231653862656362316365653239666337333535623137663930303333333437663439393632376331303662363332623633383763363063373230633537396262376138393138366264306265663536623836662b5939664f4e46733141664d3858475561592f3376564b654e2f4b726d5a48634c6b7574347744564e4f4f7367746c6c795a4e3635394f5447574e757a416332766859435763594d504f682f6355634f334139476c6b4b537732682b64696c346b56515776687a576c6d76576f2f694d4a4d6b464c776c796d5470486b6f6735223b),
('e4f36e8c14d491f24de922ac53bab8f5a3b19552', '120.188.79.127', 1624718760, 0x5f5f63695f6c6173745f726567656e65726174657c693a313632343731383736303b7265646972656374696f6e7c4e3b5f5f4143544956455f53455353494f4e5f444154417c733a3235363a2265346437666637396530383236366536623531653666373137363366613863353062383836643934366531316231653862656362316365653239666337333535623137663930303333333437663439393632376331303662363332623633383763363063373230633537396262376138393138366264306265663536623836662b5939664f4e46733141664d3858475561592f3376564b654e2f4b726d5a48634c6b7574347744564e4f4f7367746c6c795a4e3635394f5447574e757a416332766859435763594d504f682f6355634f334139476c6b4b537732682b64696c346b56515776687a576c6d76576f2f694d4a4d6b464c776c796d5470486b6f6735223b),
('ba9889e35dc14ddeb95b0f3abb446d476f44bf3d', '114.125.104.116', 1624719819, 0x5f5f63695f6c6173745f726567656e65726174657c693a313632343731393734343b7265646972656374696f6e7c4e3b636172745f636f6e74656e74737c613a333a7b733a31303a22636172745f746f74616c223b643a3133303030303b733a31313a22746f74616c5f6974656d73223b643a323b733a33323a226334636134323338613062393233383230646363353039613666373538343962223b613a363a7b733a323a226964223b733a313a2231223b733a333a22717479223b643a323b733a353a227072696365223b643a36353030303b733a343a226e616d65223b733a31303a2253747261776265727279223b733a353a22726f776964223b733a33323a226334636134323338613062393233383230646363353039613666373538343962223b733a383a22737562746f74616c223b643a3133303030303b7d7d),
('e72d767e95290664fd3b692d591207c9d11a19b8', '52.36.136.255', 1624739515, 0x5f5f63695f6c6173745f726567656e65726174657c693a313632343733393531353b),
('5894394654473c9bee4fa8b5aa15b4698a53e827', '13.59.86.103', 1624752051, 0x5f5f63695f6c6173745f726567656e65726174657c693a313632343735323035313b),
('29e19fd90096fd9cc786571fbe8e346774833675', '92.118.160.13', 1624760025, 0x5f5f63695f6c6173745f726567656e65726174657c693a313632343736303032353b),
('0e531226d6fdadd9033e552707f5033e56584fcb', '34.210.89.187', 1624795784, 0x5f5f63695f6c6173745f726567656e65726174657c693a313632343739353738343b),
('250a7c831021e9bbe7facad307b34757dd75b7c1', '18.237.130.148', 1624796245, 0x5f5f63695f6c6173745f726567656e65726174657c693a313632343739363234353b),
('25de67318a582af5b1a2873a8284f46877e69f51', '54.201.22.33', 1624796587, 0x5f5f63695f6c6173745f726567656e65726174657c693a313632343739363538373b),
('f09ae3c937ac1f6899b249552c4e5e23bb1cc8ff', '34.219.45.243', 1624796701, 0x5f5f63695f6c6173745f726567656e65726174657c693a313632343739363730313b),
('eb7cb2b3d8bef0b658de25bb8e497d6d68bd39c2', '34.214.96.155', 1624796752, 0x5f5f63695f6c6173745f726567656e65726174657c693a313632343739363735323b),
('832ded0e7a8f4af90fb17a5a0efa54308f73ef76', '34.213.176.149', 1624797100, 0x5f5f63695f6c6173745f726567656e65726174657c693a313632343739373130303b),
('1ea9543f0e7e1a37ac894d5a72e21fa69d356b6c', '52.33.138.96', 1624797232, 0x5f5f63695f6c6173745f726567656e65726174657c693a313632343739373233323b),
('6f97942bb1c7677671b841e50a37a9f1a9943b51', '34.208.41.204', 1624797623, 0x5f5f63695f6c6173745f726567656e65726174657c693a313632343739373632333b),
('92b7da4564e356c626b12c0521b1d85751ceb9b8', '120.188.79.127', 1624807030, 0x5f5f63695f6c6173745f726567656e65726174657c693a313632343830373033303b),
('2b1fc79dcfb6ec575d39f5915c7d706a3e7cb321', '54.36.148.233', 1624817584, 0x5f5f63695f6c6173745f726567656e65726174657c693a313632343831373538343b),
('d26e298a1a46a3d245aad23c1eae003cf0885cdf', '35.164.239.249', 1624825490, 0x5f5f63695f6c6173745f726567656e65726174657c693a313632343832353439303b),
('d5f5e27d4bbce2c49a2c69f2a162110d77ba7ea0', '193.31.73.83', 1624844652, 0x5f5f63695f6c6173745f726567656e65726174657c693a313632343834343635323b),
('c949b0466d28c4bcb0be5f47f8ad47c8f5a81db6', '103.94.190.20', 1624852331, 0x5f5f63695f6c6173745f726567656e65726174657c693a313632343835323333313b),
('82ed11973a7949b404003b83e2ac338681777677', '103.94.190.20', 1624853912, 0x5f5f63695f6c6173745f726567656e65726174657c693a313632343835333931323b),
('c8d07377fb2603a797b538cf6d278e5d24e783df', '103.94.190.20', 1624858958, 0x5f5f63695f6c6173745f726567656e65726174657c693a313632343835383935383b),
('135e02c6833940fe2ed101b5a2c3b6d002ea1e24', '103.94.190.20', 1624859283, 0x5f5f63695f6c6173745f726567656e65726174657c693a313632343835393238333b),
('f5249e7bcb716bf9c04e00b46497307b7d6e904e', '103.94.190.20', 1624858970, 0x5f5f63695f6c6173745f726567656e65726174657c693a313632343835383936393b),
('754a48cec765d885f217f46a2dfb1697e90ef1e5', '103.94.190.20', 1624860546, 0x5f5f63695f6c6173745f726567656e65726174657c693a313632343836303534363b),
('6d3bed7f51f329d45a142acbb255d7bf3e8d878f', '103.94.190.20', 1624861000, 0x5f5f63695f6c6173745f726567656e65726174657c693a313632343836313030303b),
('2ebd593c40f8f46995d8eb8ada35b80581ba60ad', '103.94.190.20', 1624862241, 0x5f5f63695f6c6173745f726567656e65726174657c693a313632343836323234313b7265646972656374696f6e7c4e3b5f5f4143544956455f53455353494f4e5f444154417c733a3235363a22643134383965373061653231373832653431636433393031383765363232323133636634356337616430346163643462313431333734383839393232346238323234356637623164333032353530313932323564386135653130636266643931343935656534343738366336656630373135383032366437623831646365313134797171567176735961664238487641627a7a4e715a775a4167676f2b4f6154724d38465343493461666679655975432f6364514c6576766f784f78683034465553713567696f7956423042767252336852374c386b6d48707a5952754f69415144334458474e697a4f71507146774c414c622b375258334f44454a68763270223b),
('fd9b6f8d320c6f7857b4d0c58bb63c2f1ca6ca15', '103.94.190.20', 1624862576, 0x5f5f63695f6c6173745f726567656e65726174657c693a313632343836323537363b7265646972656374696f6e7c4e3b5f5f4143544956455f53455353494f4e5f444154417c733a3235363a22643134383965373061653231373832653431636433393031383765363232323133636634356337616430346163643462313431333734383839393232346238323234356637623164333032353530313932323564386135653130636266643931343935656534343738366336656630373135383032366437623831646365313134797171567176735961664238487641627a7a4e715a775a4167676f2b4f6154724d38465343493461666679655975432f6364514c6576766f784f78683034465553713567696f7956423042767252336852374c386b6d48707a5952754f69415144334458474e697a4f71507146774c414c622b375258334f44454a68763270223b),
('5bd7e9f01eb1ed780bb7998d311f915736d52d64', '103.94.190.20', 1624863007, 0x5f5f63695f6c6173745f726567656e65726174657c693a313632343836333030373b7265646972656374696f6e7c4e3b5f5f4143544956455f53455353494f4e5f444154417c733a3235363a22643134383965373061653231373832653431636433393031383765363232323133636634356337616430346163643462313431333734383839393232346238323234356637623164333032353530313932323564386135653130636266643931343935656534343738366336656630373135383032366437623831646365313134797171567176735961664238487641627a7a4e715a775a4167676f2b4f6154724d38465343493461666679655975432f6364514c6576766f784f78683034465553713567696f7956423042767252336852374c386b6d48707a5952754f69415144334458474e697a4f71507146774c414c622b375258334f44454a68763270223b),
('fb91f7949da5a691c65e9b75ff6e40ecd2970ba4', '103.94.190.20', 1624863311, 0x5f5f63695f6c6173745f726567656e65726174657c693a313632343836333331313b7265646972656374696f6e7c4e3b5f5f4143544956455f53455353494f4e5f444154417c733a3235363a22643134383965373061653231373832653431636433393031383765363232323133636634356337616430346163643462313431333734383839393232346238323234356637623164333032353530313932323564386135653130636266643931343935656534343738366336656630373135383032366437623831646365313134797171567176735961664238487641627a7a4e715a775a4167676f2b4f6154724d38465343493461666679655975432f6364514c6576766f784f78683034465553713567696f7956423042767252336852374c386b6d48707a5952754f69415144334458474e697a4f71507146774c414c622b375258334f44454a68763270223b),
('23f728c84bf1c2db6b33a9fb022e71b043679331', '103.94.190.20', 1624863854, 0x5f5f63695f6c6173745f726567656e65726174657c693a313632343836333835343b7265646972656374696f6e7c4e3b5f5f4143544956455f53455353494f4e5f444154417c733a3235363a22643134383965373061653231373832653431636433393031383765363232323133636634356337616430346163643462313431333734383839393232346238323234356637623164333032353530313932323564386135653130636266643931343935656534343738366336656630373135383032366437623831646365313134797171567176735961664238487641627a7a4e715a775a4167676f2b4f6154724d38465343493461666679655975432f6364514c6576766f784f78683034465553713567696f7956423042767252336852374c386b6d48707a5952754f69415144334458474e697a4f71507146774c414c622b375258334f44454a68763270223b),
('de9a5da699b1b6ba2a710b289dcd0062b5f92cdb', '103.94.190.20', 1624863404, 0x5f5f63695f6c6173745f726567656e65726174657c693a313632343836333430343b),
('96e73260ffac3a0ea125a450ea1192ba0120d4a1', '103.94.190.20', 1624864334, 0x5f5f63695f6c6173745f726567656e65726174657c693a313632343836343333343b7265646972656374696f6e7c4e3b),
('be2bdff49548b1c87efb952ab55df438e8afdfb1', '162.210.193.226', 1624864113, 0x5f5f63695f6c6173745f726567656e65726174657c693a313632343836343131333b),
('3ba72e9ff4f9a5014656e76b4e8569700bb3f4e7', '162.210.193.226', 1624864170, 0x5f5f63695f6c6173745f726567656e65726174657c693a313632343836343137303b),
('371ef54ab3645ba859d69b5211f3a2d8a2dbfa15', '103.94.190.20', 1624864370, 0x5f5f63695f6c6173745f726567656e65726174657c693a313632343836343333343b7265646972656374696f6e7c4e3b),
('0149e535d3466e6009742a2c838525c3c5329826', '182.253.70.171', 1624866022, 0x5f5f63695f6c6173745f726567656e65726174657c693a313632343836353938383b7265646972656374696f6e7c4e3b);

-- --------------------------------------------------------

--
-- Struktur dari tabel `contacts`
--

CREATE TABLE `contacts` (
  `id` int(10) NOT NULL,
  `parent_id` int(10) DEFAULT NULL,
  `name` varchar(32) NOT NULL,
  `subject` varchar(128) DEFAULT NULL,
  `email` varchar(64) NOT NULL,
  `message` mediumtext NOT NULL,
  `contact_date` datetime DEFAULT NULL,
  `status` tinyint(1) DEFAULT 1,
  `reply_at` datetime DEFAULT NULL
) ENGINE=InnoDB DEFAULT CHARSET=utf8mb4;

--
-- Dumping data untuk tabel `contacts`
--

INSERT INTO `contacts` (`id`, `parent_id`, `name`, `subject`, `email`, `message`, `contact_date`, `status`, `reply_at`) VALUES
(1, NULL, 'Agung Tri Saputra', 'Pengiriman kok lama?', 'martinms.za@gmail.com', 'pengiriman pesanan saya kok lama ya', '2020-03-29 07:40:13', 2, NULL),
(2, NULL, 'dimsam', 'pesanan sayur', 'dona@gmail.com', 'mengirim bibit sayur', '2021-06-24 16:46:42', 1, NULL),
(3, NULL, 'Agung Tria', 'pesanan sayur brokoli', 'dona@gmail.com', 'konfirmasi pesenan brokoli sdh masuk', '2021-06-28 07:12:49', 1, NULL);

-- --------------------------------------------------------

--
-- Struktur dari tabel `coupons`
--

CREATE TABLE `coupons` (
  `id` bigint(20) NOT NULL,
  `name` varchar(191) NOT NULL,
  `code` varchar(32) NOT NULL,
  `credit` decimal(8,2) NOT NULL,
  `start_date` date NOT NULL,
  `expired_date` date NOT NULL,
  `is_active` tinyint(4) DEFAULT 1
) ENGINE=InnoDB DEFAULT CHARSET=utf8mb4;

--
-- Dumping data untuk tabel `coupons`
--

INSERT INTO `coupons` (`id`, `name`, `code`, `credit`, `start_date`, `expired_date`, `is_active`) VALUES
(1, '#DiRumahAja', 'DIRUMAHAJA19', 5000.00, '2020-03-27', '2020-04-03', 1),
(2, 'Buah Merah Meriah', 'BUAHMERAH', 5000.00, '2020-03-27', '2020-03-30', 0);

-- --------------------------------------------------------

--
-- Struktur dari tabel `customers`
--

CREATE TABLE `customers` (
  `id` bigint(20) NOT NULL,
  `user_id` bigint(20) UNSIGNED DEFAULT NULL,
  `name` varchar(191) NOT NULL,
  `phone_number` varchar(32) DEFAULT NULL,
  `address` varchar(191) NOT NULL,
  `profile_picture` varchar(191) DEFAULT NULL
) ENGINE=InnoDB DEFAULT CHARSET=utf8mb4;

--
-- Dumping data untuk tabel `customers`
--

INSERT INTO `customers` (`id`, `user_id`, `name`, `phone_number`, `address`, `profile_picture`) VALUES
(6, 7, 'Agung Tri Saputra', '081328907767', 'Kost Indah Jaya Belakang No. 19, Jl. Medan Baru VI, Kandang Limun, Bengkulu', 'agung.png'),
(7, 8, 'Abdul Kholiq', '089647583033', 'Jln AHmad Yani 6 Jember', NULL),
(8, 9, 'Cik Viani', '0856949262', 'Jl.aja dulu siapa tau jadian', NULL),
(9, 10, 'dona doni', '098968887589', 'surabaya', NULL),
(10, 13, 'viani lee', '949444956565', 'Jl.bayangin kamu', '4ed189274e58ea8c00a179c78596f84d.jpg');

-- --------------------------------------------------------

--
-- Struktur dari tabel `orders`
--

CREATE TABLE `orders` (
  `id` bigint(20) NOT NULL,
  `user_id` bigint(20) UNSIGNED DEFAULT NULL,
  `coupon_id` bigint(20) DEFAULT NULL,
  `order_number` varchar(16) NOT NULL,
  `order_status` enum('1','2','3','4','5') DEFAULT '1',
  `order_date` datetime NOT NULL,
  `total_price` decimal(8,2) DEFAULT NULL,
  `total_items` int(10) DEFAULT NULL,
  `payment_method` int(11) DEFAULT 1,
  `delivery_data` text DEFAULT NULL,
  `delivered_date` datetime DEFAULT NULL,
  `finish_date` datetime DEFAULT NULL
) ENGINE=InnoDB DEFAULT CHARSET=utf8mb4;

--
-- Dumping data untuk tabel `orders`
--

INSERT INTO `orders` (`id`, `user_id`, `coupon_id`, `order_number`, `order_status`, `order_date`, `total_price`, `total_items`, `payment_method`, `delivery_data`, `delivered_date`, `finish_date`) VALUES
(14, 7, NULL, 'FSM2462117630', '2', '2021-06-24 14:16:57', 13000.00, 1, 1, '{\"customer\":{\"name\":\"Agung Tri Saputra\",\"phone_number\":\"081328907767\",\"address\":\"Kost Indah Jaya Belakang No. 19, Jl. Medan Baru VI, Kandang Limun, Bengkulu\"},\"note\":\"\"}', NULL, NULL),
(15, 7, NULL, 'VYF2462117839', '1', '2021-06-24 14:27:16', 15000.00, 1, 1, '{\"customer\":{\"name\":\"Agung Tri Saputra\",\"phone_number\":\"081328907767\",\"address\":\"Kost Indah Jaya Belakang No. 19, Jl. Medan Baru VI, Kandang Limun, Bengkulu\"},\"note\":\"\"}', NULL, NULL),
(16, 7, NULL, 'NSF2462117134', '3', '2021-06-24 14:31:47', 20000.00, 1, 1, '{\"customer\":{\"name\":\"Agung Tri Saputra\",\"phone_number\":\"081328907767\",\"address\":\"Kost Indah Jaya Belakang No. 19, Jl. Medan Baru VI, Kandang Limun, Bengkulu\"},\"note\":\"\"}', NULL, NULL);

-- --------------------------------------------------------

--
-- Struktur dari tabel `order_item`
--

CREATE TABLE `order_item` (
  `id` bigint(20) NOT NULL,
  `order_id` bigint(20) DEFAULT NULL,
  `product_id` bigint(20) DEFAULT NULL,
  `order_qty` int(10) NOT NULL,
  `order_price` decimal(8,2) DEFAULT NULL
) ENGINE=InnoDB DEFAULT CHARSET=utf8mb4;

--
-- Dumping data untuk tabel `order_item`
--

INSERT INTO `order_item` (`id`, `order_id`, `product_id`, `order_qty`, `order_price`) VALUES
(3, 4, 2, 1, 31000.00),
(4, 4, 8, 13, 20000.00),
(5, 5, 2, 1, 31000.00),
(6, 5, 13, 12, 20000.00),
(7, 6, 9, 10, 35000.00),
(8, 7, 10, 1, 12000.00),
(9, 7, 9, 1, 35000.00),
(10, 7, 2, 1, 31000.00),
(11, 8, 9, 1, 35000.00),
(12, 8, 1, 5, 65000.00),
(13, 9, 1, 1, 65000.00),
(14, 9, 2, 1, 31000.00),
(15, 10, 2, 1, 31000.00),
(16, 10, 9, 1, 35000.00),
(17, 10, 10, 1, 12000.00),
(18, 10, 11, 1, 15000.00),
(19, 11, 8, 1, 20000.00),
(20, 12, 1, 1, 65000.00),
(21, 13, 2, 1, 31000.00),
(22, 14, 4, 1, 10000.00),
(23, 15, 5, 1, 12000.00),
(24, 16, 8, 1, 20000.00);

-- --------------------------------------------------------

--
-- Struktur dari tabel `payments`
--

CREATE TABLE `payments` (
  `id` bigint(20) NOT NULL,
  `order_id` bigint(20) DEFAULT NULL,
  `payment_price` decimal(8,2) DEFAULT NULL,
  `payment_date` datetime NOT NULL,
  `picture_name` varchar(191) DEFAULT NULL,
  `payment_status` enum('1','2','3') DEFAULT '1',
  `confirmed_date` datetime DEFAULT NULL,
  `payment_data` text DEFAULT NULL
) ENGINE=InnoDB DEFAULT CHARSET=utf8mb4;

--
-- Dumping data untuk tabel `payments`
--

INSERT INTO `payments` (`id`, `order_id`, `payment_price`, `payment_date`, `picture_name`, `payment_status`, `confirmed_date`, `payment_data`) VALUES
(8, 14, 10000.00, '2021-06-24 14:17:22', '_117599852_moderna2.jpg', NULL, NULL, '{\"transfer_to\":\"bni\",\"name_s\":\"Martin Mulyo Syahidin\",\"number_s\":\"4444-444-44-4\",\"bank\":\"BNI\",\"name\":\"Agung Tria\",\"number\":\"456-4977-0002\"}'),
(9, 16, 20000.00, '2021-06-24 14:32:33', '_117599852_moderna3.jpg', '2', NULL, '{\"transfer_to\":\"bri\",\"name_s\":\"Rudianto\",\"number_s\":\"4444-444-44-4\",\"bank\":\"BNI69\",\"name\":\"Agung Tria\",\"number\":\"445464644\"}');

-- --------------------------------------------------------

--
-- Struktur dari tabel `products`
--

CREATE TABLE `products` (
  `id` bigint(20) NOT NULL,
  `category_id` int(10) DEFAULT NULL,
  `sku` varchar(32) DEFAULT NULL,
  `name` varchar(191) NOT NULL,
  `description` varchar(191) DEFAULT NULL,
  `picture_name` varchar(191) DEFAULT NULL,
  `price` decimal(8,2) NOT NULL,
  `current_discount` decimal(8,2) DEFAULT 0.00,
  `stock` int(10) NOT NULL,
  `product_unit` varchar(32) DEFAULT NULL,
  `is_available` tinyint(1) DEFAULT 1,
  `add_date` datetime DEFAULT NULL
) ENGINE=InnoDB DEFAULT CHARSET=utf8mb4;

--
-- Dumping data untuk tabel `products`
--

INSERT INTO `products` (`id`, `category_id`, `sku`, `name`, `description`, `picture_name`, `price`, `current_discount`, `stock`, `product_unit`, `is_available`, `add_date`) VALUES
(1, 2, 'SB750372', 'Strawberry', NULL, 'category-2.jpg', 70000.00, 5000.00, 50, 'Kg', 1, '2020-03-26 15:02:52'),
(2, 1, 'BS350420', 'Brokoli', NULL, 'product-6.jpg', 33000.00, 2000.00, 10, 'Kg', 1, '2020-03-26 15:03:40'),
(4, 1, 'TS120790', 'Tomat', NULL, 'product-5.jpg', 10000.00, 0.00, 20, 'Kg', 1, '2020-03-26 19:36:30'),
(5, 1, 'WS120811', 'Wortel', NULL, 'product-7.jpg', 12000.00, 0.00, 20, 'Kg', 1, '2020-03-26 19:36:51'),
(8, 1, 'PS220885', 'Paprika', NULL, 'product-12.jpg', 20000.00, 0.00, 20, 'Kg', 1, '2020-03-26 19:38:05'),
(9, 2, 'AB450163', 'Apel', NULL, 'product-10.jpg', 40000.00, 5000.00, 50, 'Kg', 1, '2020-03-26 19:42:43'),
(10, 1, 'BMS120283', 'Bawang Merah', NULL, 'product-9.jpg', 12000.00, 0.00, 20, 'Kg', 1, '2020-03-26 19:44:42'),
(11, 1, 'URS13301', 'Ubi Rambat', NULL, 'product-4.jpg', 15000.00, 0.00, 3, 'Kg', 1, '2020-03-26 19:45:01'),
(12, 1, 'BPS15347', 'Bawang Putih', NULL, 'product-111.jpg', 15000.00, 0.00, 5, 'Kg', 1, '2020-03-26 19:45:47'),
(13, 1, 'KPS223370', 'Kacang Polong', NULL, 'product-3.jpg', 20000.00, 0.00, 23, 'Kg', 1, '2020-03-26 19:46:10'),
(14, 1, 'CMS410424', 'Cabai Merah', NULL, 'product-121.jpg', 40000.00, 7000.00, 10, 'Kg', 1, '2020-03-26 19:47:04'),
(15, 1, 'SMS550470', 'Sayur Mint', NULL, 'product-13.jpg', 5000.00, 0.00, 50, '1 ikat', 1, '2021-06-16 18:21:10');

-- --------------------------------------------------------

--
-- Struktur dari tabel `product_category`
--

CREATE TABLE `product_category` (
  `id` int(10) NOT NULL,
  `name` varchar(191) NOT NULL
) ENGINE=InnoDB DEFAULT CHARSET=utf8mb4;

--
-- Dumping data untuk tabel `product_category`
--

INSERT INTO `product_category` (`id`, `name`) VALUES
(1, 'Sayur'),
(2, 'Buah'),
(3, 'Minuman Herbal');

-- --------------------------------------------------------

--
-- Struktur dari tabel `reviews`
--

CREATE TABLE `reviews` (
  `id` bigint(20) NOT NULL,
  `user_id` bigint(20) UNSIGNED DEFAULT NULL,
  `order_id` bigint(20) DEFAULT NULL,
  `title` varchar(191) DEFAULT NULL,
  `review_text` mediumtext NOT NULL,
  `review_date` datetime NOT NULL,
  `status` tinyint(1) NOT NULL DEFAULT 1
) ENGINE=InnoDB DEFAULT CHARSET=utf8mb4;

-- --------------------------------------------------------

--
-- Struktur dari tabel `roles`
--

CREATE TABLE `roles` (
  `id` int(10) NOT NULL,
  `role_name` varchar(191) NOT NULL
) ENGINE=InnoDB DEFAULT CHARSET=utf8mb4;

--
-- Dumping data untuk tabel `roles`
--

INSERT INTO `roles` (`id`, `role_name`) VALUES
(1, 'Admin'),
(2, 'Customer');

-- --------------------------------------------------------

--
-- Struktur dari tabel `settings`
--

CREATE TABLE `settings` (
  `id` int(10) NOT NULL,
  `key` varchar(32) NOT NULL,
  `content` varchar(255) NOT NULL
) ENGINE=InnoDB DEFAULT CHARSET=utf8mb4;

--
-- Dumping data untuk tabel `settings`
--

INSERT INTO `settings` (`id`, `key`, `content`) VALUES
(1, 'current_theme_name', 'vegefoods'),
(2, 'store_name', 'Toko Sayur Cv. Tata Laras Sejati'),
(3, 'store_phone_number', '0813-3055-5139'),
(4, 'store_email', 'rudinyayur22@gmail.com'),
(5, 'store_tagline', 'Belanja Sayur Segar 24 Jam'),
(6, 'store_logo', 'Logo.png'),
(7, 'max_product_image_size', '20000'),
(8, 'store_description', 'Belanja sayur buah dan minuman herbal dengan murah, mudah dan cepat'),
(9, 'store_address', 'Jl.Cancer No.49 Kel.Ploso Kec.Tambaksari, Kota Surabaya'),
(10, 'min_shop_to_free_shipping_cost', '20000'),
(11, 'shipping_cost', '3000'),
(12, 'payment_banks', '{\"bri\":{\"bank\":\"BRI\",\"name\":\"Rudianto\",\"number\":\"9999-999-99-9\"},\"btn\":{\"bank\":\"BTN\",\"name\":\"Rudianto\",\"number\":\"4444-444-44-4\"},\"bni\":{\"bank\":\"BNI\",\"name\":\"Rudianto\",\"number\":\"4444-444-44-4\"}} ');

-- --------------------------------------------------------

--
-- Struktur dari tabel `users`
--

CREATE TABLE `users` (
  `id` bigint(20) UNSIGNED NOT NULL,
  `name` varchar(50) COLLATE utf8mb4_unicode_ci DEFAULT NULL,
  `email` varchar(191) COLLATE utf8mb4_unicode_ci NOT NULL,
  `email_verified_at` timestamp NULL DEFAULT NULL,
  `username` varchar(16) COLLATE utf8mb4_unicode_ci NOT NULL,
  `password` varchar(191) COLLATE utf8mb4_unicode_ci NOT NULL,
  `profile_picture` varchar(128) COLLATE utf8mb4_unicode_ci DEFAULT NULL,
  `role_id` int(10) DEFAULT 0,
  `register_date` datetime DEFAULT NULL
) ENGINE=InnoDB DEFAULT CHARSET=utf8mb4 COLLATE=utf8mb4_unicode_ci;

--
-- Dumping data untuk tabel `users`
--

INSERT INTO `users` (`id`, `name`, `email`, `email_verified_at`, `username`, `password`, `profile_picture`, `role_id`, `register_date`) VALUES
(1, 'Rudianto', 'rudinyayur22@gmail.com', NULL, 'Rudianto', '$2y$10$MXNU0yw4drSclahZu.Pz..BRa6rYhMNZ0sDl/7dhXjg3D4LvxPhjO', 'rudi1.png', 1, NULL),
(7, NULL, 'agungtri@gmail.com', NULL, 'agungtria', '$2y$10$MXNU0yw4drSclahZu.Pz..BRa6rYhMNZ0sDl/7dhXjg3D4LvxPhjO', NULL, 2, '2020-03-29 08:14:30'),
(8, NULL, 'kholiqbisnis@gmail.com', NULL, 'kholiq', '$2y$10$MXNU0yw4drSclahZu.Pz..BRa6rYhMNZ0sDl/7dhXjg3D4LvxPhjO', NULL, 2, '2020-12-28 07:18:23'),
(9, NULL, 'viani@gmail.com', NULL, 'dewikipas', '$2y$10$c99lEA1gocfPZ8K0EktPP.HVP5jLGChbQ5mPrnv5GUds0YsVBQn/O', NULL, 2, '2021-06-21 17:39:18'),
(10, NULL, 'dona@gmail.com', NULL, 'dona', '$2y$10$93GnaJZI7vAYBuDw3McDq.8hmmzBrPEX60gJkd9XMRirMyHTTqR3S', NULL, 2, '2021-06-22 13:58:46'),
(13, NULL, 'viani69@gmail.com', NULL, 'viani69', '$2y$10$9RLBy84viGcj5SuSvEsF5.ZRWRykE3DMM7r7xpbiov1B/45Chc8im', NULL, 2, '2021-06-24 08:06:34');

--
-- Indexes for dumped tables
--

--
-- Indeks untuk tabel `ci_sessions`
--
ALTER TABLE `ci_sessions`
  ADD KEY `ci_sessions_timestamp` (`timestamp`);

--
-- Indeks untuk tabel `contacts`
--
ALTER TABLE `contacts`
  ADD PRIMARY KEY (`id`),
  ADD KEY `FK_contacts_contacts` (`parent_id`);

--
-- Indeks untuk tabel `coupons`
--
ALTER TABLE `coupons`
  ADD PRIMARY KEY (`id`);

--
-- Indeks untuk tabel `customers`
--
ALTER TABLE `customers`
  ADD PRIMARY KEY (`id`),
  ADD KEY `FK_customers_users` (`user_id`);

--
-- Indeks untuk tabel `orders`
--
ALTER TABLE `orders`
  ADD PRIMARY KEY (`id`),
  ADD KEY `FK_orders_users` (`user_id`),
  ADD KEY `FK_orders_coupons` (`coupon_id`);

--
-- Indeks untuk tabel `order_item`
--
ALTER TABLE `order_item`
  ADD PRIMARY KEY (`id`),
  ADD KEY `order_id` (`order_id`),
  ADD KEY `product_id` (`product_id`);

--
-- Indeks untuk tabel `payments`
--
ALTER TABLE `payments`
  ADD PRIMARY KEY (`id`),
  ADD KEY `order_id` (`order_id`);

--
-- Indeks untuk tabel `products`
--
ALTER TABLE `products`
  ADD PRIMARY KEY (`id`),
  ADD KEY `FK_products_product_category` (`category_id`);

--
-- Indeks untuk tabel `product_category`
--
ALTER TABLE `product_category`
  ADD PRIMARY KEY (`id`);

--
-- Indeks untuk tabel `reviews`
--
ALTER TABLE `reviews`
  ADD PRIMARY KEY (`id`),
  ADD KEY `FK_reviews_users` (`user_id`),
  ADD KEY `FK_reviews_orders` (`order_id`);

--
-- Indeks untuk tabel `roles`
--
ALTER TABLE `roles`
  ADD PRIMARY KEY (`id`);

--
-- Indeks untuk tabel `settings`
--
ALTER TABLE `settings`
  ADD PRIMARY KEY (`id`) USING BTREE;

--
-- Indeks untuk tabel `users`
--
ALTER TABLE `users`
  ADD PRIMARY KEY (`id`) USING BTREE,
  ADD UNIQUE KEY `users_email_unique` (`email`) USING BTREE,
  ADD KEY `role_id` (`role_id`);

--
-- AUTO_INCREMENT untuk tabel yang dibuang
--

--
-- AUTO_INCREMENT untuk tabel `contacts`
--
ALTER TABLE `contacts`
  MODIFY `id` int(10) NOT NULL AUTO_INCREMENT, AUTO_INCREMENT=4;

--
-- AUTO_INCREMENT untuk tabel `coupons`
--
ALTER TABLE `coupons`
  MODIFY `id` bigint(20) NOT NULL AUTO_INCREMENT, AUTO_INCREMENT=3;

--
-- AUTO_INCREMENT untuk tabel `customers`
--
ALTER TABLE `customers`
  MODIFY `id` bigint(20) NOT NULL AUTO_INCREMENT, AUTO_INCREMENT=11;

--
-- AUTO_INCREMENT untuk tabel `orders`
--
ALTER TABLE `orders`
  MODIFY `id` bigint(20) NOT NULL AUTO_INCREMENT, AUTO_INCREMENT=17;

--
-- AUTO_INCREMENT untuk tabel `order_item`
--
ALTER TABLE `order_item`
  MODIFY `id` bigint(20) NOT NULL AUTO_INCREMENT, AUTO_INCREMENT=25;

--
-- AUTO_INCREMENT untuk tabel `payments`
--
ALTER TABLE `payments`
  MODIFY `id` bigint(20) NOT NULL AUTO_INCREMENT, AUTO_INCREMENT=10;

--
-- AUTO_INCREMENT untuk tabel `products`
--
ALTER TABLE `products`
  MODIFY `id` bigint(20) NOT NULL AUTO_INCREMENT, AUTO_INCREMENT=16;

--
-- AUTO_INCREMENT untuk tabel `product_category`
--
ALTER TABLE `product_category`
  MODIFY `id` int(10) NOT NULL AUTO_INCREMENT, AUTO_INCREMENT=4;

--
-- AUTO_INCREMENT untuk tabel `reviews`
--
ALTER TABLE `reviews`
  MODIFY `id` bigint(20) NOT NULL AUTO_INCREMENT, AUTO_INCREMENT=4;

--
-- AUTO_INCREMENT untuk tabel `roles`
--
ALTER TABLE `roles`
  MODIFY `id` int(10) NOT NULL AUTO_INCREMENT, AUTO_INCREMENT=3;

--
-- AUTO_INCREMENT untuk tabel `settings`
--
ALTER TABLE `settings`
  MODIFY `id` int(10) NOT NULL AUTO_INCREMENT, AUTO_INCREMENT=13;

--
-- AUTO_INCREMENT untuk tabel `users`
--
ALTER TABLE `users`
  MODIFY `id` bigint(20) UNSIGNED NOT NULL AUTO_INCREMENT, AUTO_INCREMENT=14;

--
-- Ketidakleluasaan untuk tabel pelimpahan (Dumped Tables)
--

--
-- Ketidakleluasaan untuk tabel `contacts`
--
ALTER TABLE `contacts`
  ADD CONSTRAINT `FK_contacts_contacts` FOREIGN KEY (`parent_id`) REFERENCES `contacts` (`id`) ON DELETE CASCADE ON UPDATE NO ACTION;

--
-- Ketidakleluasaan untuk tabel `customers`
--
ALTER TABLE `customers`
  ADD CONSTRAINT `FK_customers_users` FOREIGN KEY (`user_id`) REFERENCES `users` (`id`) ON DELETE NO ACTION ON UPDATE CASCADE;

--
-- Ketidakleluasaan untuk tabel `orders`
--
ALTER TABLE `orders`
  ADD CONSTRAINT `FK_orders_coupons` FOREIGN KEY (`coupon_id`) REFERENCES `coupons` (`id`) ON DELETE SET NULL ON UPDATE CASCADE,
  ADD CONSTRAINT `FK_orders_users` FOREIGN KEY (`user_id`) REFERENCES `users` (`id`) ON DELETE NO ACTION ON UPDATE CASCADE;

--
-- Ketidakleluasaan untuk tabel `payments`
--
ALTER TABLE `payments`
  ADD CONSTRAINT `FK_payments_orders` FOREIGN KEY (`order_id`) REFERENCES `orders` (`id`) ON DELETE NO ACTION ON UPDATE NO ACTION;
COMMIT;

/*!40101 SET CHARACTER_SET_CLIENT=@OLD_CHARACTER_SET_CLIENT */;
/*!40101 SET CHARACTER_SET_RESULTS=@OLD_CHARACTER_SET_RESULTS */;
/*!40101 SET COLLATION_CONNECTION=@OLD_COLLATION_CONNECTION */;
